{
  "model_accuracy": {
    "random_forest": 0.45,
    "logistic_regression": 0.55
  },
  "feature_importance": [
    {
      "feature": "bet_ratio",
      "importance": 0.19333890621162553
    },
    {
      "feature": "price_volatility",
      "importance": 0.19047324852401284
    },
    {
      "feature": "bull_bets_amount",
      "importance": 0.1433702584536924
    },
    {
      "feature": "bear_bets_amount",
      "importance": 0.13477796605463893
    },
    {
      "feature": "total_bet_log",
      "importance": 0.13145691748995914
    },
    {
      "feature": "total_bets_amount",
      "importance": 0.1176579021759075
    },
    {
      "feature": "hour",
      "importance": 0.08892480109016374
    },
    {
      "feature": "day_of_week",
      "importance": 0.0
    }
  ],
  "patterns": {
    "bull_avg_bet_ratio": 1.043021637000436,
    "bear_avg_bet_ratio": 0.9752999098946478,
    "hourly_bull_rates": {
      "11": 0.5,
      "12": 0.6666666666666666,
      "13": 0.5454545454545454,
      "14": 0.75,
      "15": 0.3333333333333333,
      "16": 0.5833333333333334,
      "17": 0.8181818181818182,
      "18": 0.5,
      "19": 0.36363636363636365
    },
    "bet_size_bull_rates": {
      "Small": 0.75,
      "Medium": 0.5543478260869565,
      "Large": 0.6666666666666666,
      "Huge": NaN
    }
  }
}