{
  "rounds_history": [
    {
      "epoch": 418749,
      "lock_price": 1165.02836147,
      "close_price": 1165.55417771,
      "lock_price_usdt": 1165.02836147,
      "close_price_usdt": 1165.55417771,
      "price_change_usdt": 0.5258162400000401,
      "bull_payout": 2.2049995615556623,
      "bear_payout": 1.8298758206260204,
      "winner": "BULL",
      "total_amount": 1.254329073801735
    },
    {
      "epoch": 418750,
      "lock_price": 1165.55417771,
      "close_price": 1164.51469213,
      "lock_price_usdt": 1165.55417771,
      "close_price_usdt": 1164.51469213,
      "price_change_usdt": -1.0394855800000187,
      "bull_payout": 2.5976424099068858,
      "bear_payout": 1.6259222926225916,
      "winner": "BEAR",
      "total_amount": 1.1969415116260393
    },
    {
      "epoch": 418751,
      "lock_price": 1164.51469213,
      "close_price": 1162.25015345,
      "lock_price_usdt": 1164.51469213,
      "close_price_usdt": 1162.25015345,
      "price_change_usdt": -2.264538679999987,
      "bull_payout": 1.708113233391723,
      "bear_payout": 2.412203518934672,
      "winner": "BEAR",
      "total_amount": 1.677633570125547
    },
    {
      "epoch": 418752,
      "lock_price": 1162.25015345,
      "close_price": 1162.47925208,
      "lock_price_usdt": 1162.25015345,
      "close_price_usdt": 1162.47925208,
      "price_change_usdt": 0.22909862999995312,
      "bull_payout": 2.2855596607338096,
      "bear_payout": 1.7778713275968776,
      "winner": "BULL",
      "total_amount": 1.2825586393760173
    },
    {
      "epoch": 418753,
      "lock_price": 1162.47925208,
      "close_price": 1164.33236647,
      "lock_price_usdt": 1162.47925208,
      "close_price_usdt": 1164.33236647,
      "price_change_usdt": 1.8531143899999734,
      "bull_payout": 1.734329850140389,
      "bear_payout": 2.361785851152341,
      "winner": "BULL",
      "total_amount": 1.1170812378071449
    },
    {
      "epoch": 418754,
      "lock_price": 1164.33236647,
      "close_price": 1163.67558097,
      "lock_price_usdt": 1164.33236647,
      "close_price_usdt": 1163.67558097,
      "price_change_usdt": -0.6567854999998417,
      "bull_payout": 1.8370095785567642,
      "bear_payout": 2.1947294578447676,
      "winner": "BEAR",
      "total_amount": 1.6548864688767622
    },
    {
      "epoch": 418755,
      "lock_price": 1163.67558097,
      "close_price": 1162.6087295,
      "lock_price_usdt": 1163.67558097,
      "close_price_usdt": 1162.6087295,
      "price_change_usdt": -1.0668514700000742,
      "bull_payout": 1.8455140029665953,
      "bear_payout": 2.1827125233779343,
      "winner": "BEAR",
      "total_amount": 1.0022287061200477
    },
    {
      "epoch": 418756,
      "lock_price": 1162.6087295,
      "close_price": 1163.65663034,
      "lock_price_usdt": 1162.6087295,
      "close_price_usdt": 1163.65663034,
      "price_change_usdt": 1.0479008400000112,
      "bull_payout": 1.7319498830000684,
      "bear_payout": 2.366213757561194,
      "winner": "BULL",
      "total_amount": 1.0845012390405568
    },
    {
      "epoch": 418757,
      "lock_price": 1163.65663034,
      "close_price": 1162.1504,
      "lock_price_usdt": 1163.65663034,
      "close_price_usdt": 1162.1504,
      "price_change_usdt": -1.5062303400000019,
      "bull_payout": 1.7818114356720478,
      "bear_payout": 2.279080804363518,
      "winner": "BEAR",
      "total_amount": 0.7391047822254158
    },
    {
      "epoch": 418758,
      "lock_price": 1162.1504,
      "close_price": 1158.38799801,
      "lock_price_usdt": 1162.1504,
      "close_price_usdt": 1158.38799801,
      "price_change_usdt": -3.762401989999944,
      "bull_payout": 2.1312389042156306,
      "bear_payout": 1.8839865710712733,
      "winner": "BEAR",
      "total_amount": 1.1066886948203563
    },
    {
      "epoch": 418759,
      "lock_price": 1158.38799801,
      "close_price": 1158.95348734,
      "lock_price_usdt": 1158.38799801,
      "close_price_usdt": 1158.95348734,
      "price_change_usdt": 0.5654893299999912,
      "bull_payout": 1.791947492879241,
      "bear_payout": 2.262709976344965,
      "winner": "BULL",
      "total_amount": 1.1605308844034226
    },
    {
      "epoch": 418760,
      "lock_price": 1158.95348734,
      "close_price": 1159.6251,
      "lock_price_usdt": 1158.95348734,
      "close_price_usdt": 1159.6251,
      "price_change_usdt": 0.671612659999937,
      "bull_payout": 1.9343717491302426,
      "bear_payout": 2.0702378372749903,
      "winner": "BULL",
      "total_amount": 1.135613749647442
    },
    {
      "epoch": 418761,
      "lock_price": 1159.6251,
      "close_price": 1157.38398954,
      "lock_price_usdt": 1159.6251,
      "close_price_usdt": 1157.38398954,
      "price_change_usdt": -2.2411104600000726,
      "bull_payout": 1.7959046659303943,
      "bear_payout": 2.2564318853829346,
      "winner": "BEAR",
      "total_amount": 0.9945346832378381
    },
    {
      "epoch": 418762,
      "lock_price": 1157.38398954,
      "close_price": 1158.2264,
      "lock_price_usdt": 1157.38398954,
      "close_price_usdt": 1158.2264,
      "price_change_usdt": 0.8424104600001101,
      "bull_payout": 1.6769220588106892,
      "bear_payout": 2.4772749491380726,
      "winner": "BULL",
      "total_amount": 1.6133128449238818
    },
    {
      "epoch": 418763,
      "lock_price": 1158.2264,
      "close_price": 1162.27962301,
      "lock_price_usdt": 1158.2264,
      "close_price_usdt": 1162.27962301,
      "price_change_usdt": 4.053223010000011,
      "bull_payout": 2.076602219961885,
      "bear_payout": 1.9288481683006398,
      "winner": "BULL",
      "total_amount": 1.4291266835964336
    },
    {
      "epoch": 418764,
      "lock_price": 1162.27962301,
      "close_price": 1160.73611395,
      "lock_price_usdt": 1162.27962301,
      "close_price_usdt": 1160.73611395,
      "price_change_usdt": -1.543509060000133,
      "bull_payout": 1.9387796097220895,
      "bear_payout": 2.0652127396503994,
      "winner": "BEAR",
      "total_amount": 1.238437558519219
    },
    {
      "epoch": 418765,
      "lock_price": 1160.73611395,
      "close_price": 1160.36832662,
      "lock_price_usdt": 1160.73611395,
      "close_price_usdt": 1160.36832662,
      "price_change_usdt": -0.3677873299998282,
      "bull_payout": 3.3811183576290045,
      "bear_payout": 1.4199707237550963,
      "winner": "BEAR",
      "total_amount": 2.67864209649103
    },
    {
      "epoch": 418766,
      "lock_price": 1160.36832662,
      "close_price": 1161.24661428,
      "lock_price_usdt": 1160.36832662,
      "close_price_usdt": 1161.24661428,
      "price_change_usdt": 0.8782876599998417,
      "bull_payout": 1.8594519480539213,
      "bear_payout": 2.1635321814841713,
      "winner": "BULL",
      "total_amount": 0.9676123788046923
    },
    {
      "epoch": 418767,
      "lock_price": 1161.24661428,
      "close_price": 1159.61,
      "lock_price_usdt": 1161.24661428,
      "close_price_usdt": 1159.61,
      "price_change_usdt": -1.6366142800000034,
      "bull_payout": 1.6333056917504727,
      "bear_payout": 2.5790162839622917,
      "winner": "BEAR",
      "total_amount": 1.1327502276373105
    },
    {
      "epoch": 418768,
      "lock_price": 1159.61,
      "close_price": 1158.26648195,
      "lock_price_usdt": 1159.61,
      "close_price_usdt": 1158.26648195,
      "price_change_usdt": -1.3435180499998296,
      "bull_payout": 1.9784428456115415,
      "bear_payout": 2.022032103852714,
      "winner": "BEAR",
      "total_amount": 0.9846099981947279
    },
    {
      "epoch": 418769,
      "lock_price": 1158.26648195,
      "close_price": 1158.0611,
      "lock_price_usdt": 1158.26648195,
      "close_price_usdt": 1158.0611,
      "price_change_usdt": -0.20538195000017367,
      "bull_payout": 1.8566064336076264,
      "bear_payout": 2.1673972559235475,
      "winner": "BEAR",
      "total_amount": 1.1228485005620426
    },
    {
      "epoch": 418770,
      "lock_price": 1158.0611,
      "close_price": 1151.85846523,
      "lock_price_usdt": 1158.0611,
      "close_price_usdt": 1151.85846523,
      "price_change_usdt": -6.202634769999804,
      "bull_payout": 2.062398184326301,
      "bear_payout": 1.941266668894141,
      "winner": "BEAR",
      "total_amount": 0.8637709360930615
    },
    {
      "epoch": 418771,
      "lock_price": 1151.85846523,
      "close_price": 1153.10702014,
      "lock_price_usdt": 1151.85846523,
      "close_price_usdt": 1153.10702014,
      "price_change_usdt": 1.248554909999939,
      "bull_payout": 1.7718107029376218,
      "bear_payout": 2.2956544865131527,
      "winner": "BULL",
      "total_amount": 1.3416871781758946
    },
    {
      "epoch": 418772,
      "lock_price": 1153.10702014,
      "close_price": 1154.55063344,
      "lock_price_usdt": 1153.10702014,
      "close_price_usdt": 1154.55063344,
      "price_change_usdt": 1.4436132999999245,
      "bull_payout": 2.2705085432841536,
      "bear_payout": 1.78708640353971,
      "winner": "BULL",
      "total_amount": 1.1124259843555504
    }
  ],
  "last_updated": "2025-10-05T19:26:17.753991"
}