datetime,epoch,decision,confidence,bet_amount_bnb,ml_score,bull_amount,bear_amount,total_amount,bull_payout,bear_payout,bull_percent,bear_percent,bet_ratio,whale_bet_side,max_bet_on_bull,max_bet_on_bear,bull_whales,bear_whales,current_streak,current_streak_type,skip_rounds_remaining,last_loss_epoch,live_bnb_price,lock_price_previous,price_difference,btc_price,btc_5min_change,btc_influence,real_price_volatility,price_momentum,current_hour,current_day_of_week,hourly_bull_rate,total_bet_log,streak_valid,last_round_price_change,big_move_detected,wallet_number,claimed,result,reward_amount
2025-09-14T18:41:37.655430,412839,bull,MEDIUM (Against bet ratio 0.48 + ML consensus),0.0011502024001899,0.0637653927832637,0.7430237287421982,1.5483914277448736,2.291415156487072,3.083905759464794,1.4798681492472234,32.42641241324923,67.57358758675076,0.4798681492472233,,0.2141360889996807,1.0333267527929435,0,1,2,BULL,0,,927.14932384,927.48390565,-0.3345818100000315,115477.49,-0.0125809558097597,0.0,0.0004543385828485,-0.0095436459379327,18,6,0.5421686746987951,1.1913176110439978,True,0.7855295199999546,False,4,yes,win,0.0011240094650341
2025-09-14T18:51:47.590078,412841,bull,MEDIUM (Against bet ratio 0.21 + ML consensus),0.0011502024001899,0.0649779000800416,0.2751445448673739,1.3338113656730952,1.6089559105404692,5.847675124055335,1.2062844506715722,17.100813208420938,82.89918679157906,0.2062844506715721,,0.0807164734264275,1.0,0,1,1,BULL,0,,926.83064777,927.34837,-0.517722230000004,115456.46,-0.0182113414484492,0.0,0.0003966630337168,-0.0013440669530963,18,6,0.5421686746987951,0.9589501070238636,True,0.1438993100000516,False,6,yes,win,0.0010147933760585
2025-09-15T04:23:10.830852,412953,bull,MEDIUM (Very strong ML signal: 0.239),0.001183573952141,0.2391655039514065,1.084667898258976,0.4031874038904947,1.487855302149471,1.3717150701497294,3.690232601000529,72.90143716878792,27.098562831212075,2.6902326010005284,,0.3140989310024121,0.2,0,0,1,BULL,0,,934.77089,932.84155008,1.9293399199999608,116139.99,0.5023647566369719,0.2,0.0004364234669455,0.0154501281247999,4,0,0.4512195121951219,0.9114210148856215,True,0.0620157200000903,False,4,yes,win,0.0005115456393654
2025-09-15T06:20:30.665947,412976,bull,MEDIUM (Against bet ratio 0.43 + ML consensus),0.0011502024001899,0.0720412098743587,0.5786285485388196,1.3439380794441005,1.92256662798292,3.3226266364455688,1.4305470299481065,30.09667077940979,69.90332922059021,0.4305470299481064,,0.0853510621703379,1.0,0,1,1,BEAR,0,,932.70390205,933.12593441,-0.4220323600000029,116475.03,-0.1627396211490883,0.0,0.0004815894645325,-0.0057706870504515,6,0,0.5957446808510638,1.0724622123875012,True,-0.6262391999999863,False,3,yes,loss,-0.0011502024001899
2025-09-15T14:30:05.696917,413072,bull,MEDIUM (Against bet ratio 0.53 + ML consensus),0.0011153475961842,0.0640321532443856,0.7881557476706658,1.4738357014011654,2.261991449071832,2.8699802745294627,1.5347649991931744,34.843445053431644,65.15655494656835,0.5347649991931743,,0.1579584490844245,1.0,0,1,4,BULL,0,,919.66029,919.00814833,0.6521416699999918,115007.93,0.0787086525043858,0.0,0.0011611634926425,0.0026489813192309,14,0,0.5487804878048781,1.1823378828194917,True,0.8907115000000658,False,3,yes,loss,-0.0011153475961842
2025-09-15T14:35:13.769169,413073,bear,HIGH (Against whale - ML too weak),0.0019977048155366,-0.0414034616399236,2.4724369472366807,1.0951852856762665,3.5676222329129472,1.4429578222006028,3.257551283397653,69.3020949479269,30.697905052073093,2.257551283397653,bull,2.1744484513769087,0.2,1,0,1,BEAR,0,,916.63077659,918.73445692,-2.1036803299999747,114778.83,-0.1978846222571435,0.0,0.0009015901545021,0.012801169175743,14,0,0.5487804878048781,1.51899277035977,True,-0.2736914100000831,False,4,yes,loss,-0.0019977048155366
2025-09-15T15:51:45.206107,413088,bear,MEDIUM (Against bet ratio 9.06 + ML consensus),0.0011502024001899,-0.0765565391700024,1.4351544219428602,0.1584213472196641,1.5935757691625243,1.110386272583266,10.059097445705351,90.05875024675359,9.941249753246415,9.059097445705351,,1.0,0.0435422155043713,1,0,1,BEAR,0,,914.21208024,914.03218914,0.1798910999999634,114691.31,0.0796858708277308,0.0,0.0011644463318843,-0.0252041998229942,15,0,0.4024390243902439,0.9530375294057116,True,-2.191092609999941,True,1,yes,loss,-0.0011502024001899
2025-09-15T17:54:06.732390,413112,bear,MEDIUM (Against bet ratio 3.01 + ML consensus),0.0011152878391842,-0.055066396470446,1.8134185155743203,0.6033274829143851,2.4167459984887056,1.3327017330708724,4.005695193619504,75.03554435213003,24.964455647869965,3.005695193619504,,1.0,0.2,1,0,1,BEAR,0,,918.77189652,918.09378,0.6781165200000032,114909.66,0.0349178698793549,0.0,0.0006912786827378,0.0041711648092445,17,0,0.4878048780487805,1.228688635716614,True,-0.9110150199999224,False,1,yes,loss,-0.0011152878391842
2025-09-15T18:34:52.761842,413120,bull,MEDIUM (Against bet ratio 0.30 + ML consensus),0.0010815897362987,0.0613574110266913,0.4988851417715114,1.6607704024311465,2.159655544202657,4.328963449450207,1.3003938058151867,23.10021813944868,76.89978186055133,0.3003938058151868,,0.1037712716496927,1.0,0,1,1,BEAR,0,,919.08398737,918.68118442,0.402802950000023,114946.35,0.0034887057284629,0.0,0.0006331921160974,-0.0052238545667343,18,0,0.5421686746987951,1.150463016658185,True,-0.6826327400000309,False,3,yes,win,0.0014221059283582
2025-09-15T19:10:35.614221,413127,bull,MEDIUM (Against bet ratio 0.37 + ML consensus),0.0011383345558558,0.0555425103036005,0.9918648429314748,2.7046693466336045,3.69653418956508,3.7268527218284135,1.3667231427627229,26.83229187305783,73.16770812694216,0.3667231427627225,,0.2,1.57,0,1,4,BULL,0,,921.73456236,921.3228055,0.4117568600000822,115303.35,-0.1624456147909763,0.0,0.0007119741185951,0.0208868715820451,19,0,0.4938271604938271,1.5468248302226095,True,0.6369955000000118,False,4,yes,loss,-0.0011383345558558
2025-09-15T21:28:18.905426,413154,bull,HIGH (Against bet ratio 0.17 + ML + Good bull hour 21),0.0018024533583479,0.0749815385842588,0.3398969491029358,1.955954667156349,2.295851616259285,6.754551996770056,1.173775473844234,14.8048308826135,85.1951691173865,0.1737754738442341,,0.0931797311309075,0.8368022645069632,0,1,3,BULL,0,,920.68864141,920.55515608,0.1334853299999849,115434.2,-0.0213669162014128,0.0,0.000350347690671,0.0051293230126472,21,0,0.6024096385542169,1.1926645916950152,True,0.2064189699999588,False,1,yes,win,0.0028707391683187
2025-09-15T23:00:11.693302,413172,bear,MEDIUM (Against bet ratio 2.70 + ML consensus),0.0011672967580583,-0.052835899939476,1.9257618387726507,0.7122386990477085,2.63800053782036,1.3698477582781683,3.703815225636392,73.00081297041001,26.99918702958999,2.7038152256363923,,1.0003782023769698,0.1736166000246,1,0,2,BEAR,0,,920.16964218,919.79888686,0.3707553199999438,115301.44,0.0116490864921751,0.0,0.0004353039786065,-0.0217632389256534,23,0,0.5185185185185185,1.291434227929993,True,-0.0229631400000016,False,1,yes,loss,-0.0011672967580583
2025-09-16T00:11:47.718218,413186,bear,MEDIUM (Against bet ratio 2.32 + ML consensus),0.0011239554821495,-0.0594289025258419,1.3083409148428489,0.5649996510496409,1.873340565892489,1.4318443645993488,3.3156490670609244,69.83999272014559,30.16000727985442,2.3156490670609244,,0.8702027434572841,0.2,1,0,2,BEAR,0,,918.75829,919.2218198,-0.4635298000000603,115226.2,-0.0468337187855131,0.0,0.0004893917095423,-0.0003898896496908,0,1,0.4698795180722891,1.055475313136281,True,-0.3550736799999185,False,3,yes,win,0.0012607964731619
2025-09-16T00:16:54.880201,413187,bear,MEDIUM (Against bet ratio 2.55 + ML consensus),0.0011038870871802,-0.0592006995866321,2.016316492273977,0.7904107574809933,2.80672724975497,1.3920072868072302,3.5509729886519947,71.83870440029409,28.16129559970592,2.550972988651995,,1.0,0.59492276860617,1,0,3,BEAR,0,,918.54129839,918.84193491,-0.3006365200000118,115227.0,0.0006942865424729,0.0,0.0004944240899289,0.0011213247093557,0,1,0.4698795180722891,1.3367698304300395,True,-0.3798848900000848,False,4,yes,loss,-0.0011038870871802
2025-09-16T06:49:47.718172,413264,bull,MEDIUM (Against bet ratio 0.33 + ML consensus),0.0011614221873443,0.0674981476012142,0.940289793799935,2.838173540763433,3.778463334563369,4.018403006687649,1.3313010216940464,24.88550795765742,75.11449204234258,0.3313010216940465,,0.1389301095154338,1.5,0,2,1,BEAR,0,,928.14026132,928.08088144,0.0593798800000513,115758.21,-0.029855056593332,0.0,0.0011971328460041,-0.0374993502706195,6,1,0.5957446808510638,1.5641190166933765,True,-0.4807170799999767,False,3,yes,loss,-0.0011614221873443
2025-09-16T16:00:41.765320,413372,bear,MEDIUM (Very strong ML signal: -0.263 + ðŸŸ¢Streak x10),0.001126282089724,-0.2630399044433886,0.7975419895988355,1.1398105828814749,1.9373525724803105,2.429154323842938,1.6997144978094745,41.16658996032799,58.83341003967201,0.6997144978094744,,0.35,0.3179921503325811,0,0,10,BULL,0,,937.88447999,936.91165925,0.9728207400000884,115999.99,0.2485732725527374,0.0,0.0012241859205426,0.0471455554560754,16,1,0.5301204819277109,1.0775086901190036,True,3.6548460699999614,True,3,yes,win,0.0008553526444483
2025-09-16T17:07:01.896458,413385,bull,MEDIUM (Against bet ratio 0.32 + ML consensus),0.0010704132855647,0.0522677376056851,0.6546320715184271,2.0758556489625386,2.7304877204809657,4.171026503708513,1.31535529546363,23.974913588079275,76.02508641192073,0.3153552954636301,,0.1756613027952711,1.0,0,1,1,BULL,0,,941.61,936.34347607,5.266523930000062,116392.51,0.1509502734021479,0.0,0.0008525476254295,0.0068738221535759,17,1,0.4878048780487805,1.3165389812689992,True,1.40011106999998,False,4,yes,win,0.0020565691525402
2025-09-16T17:37:38.633780,413391,bear,MEDIUM (Very strong ML signal: -0.225),0.001131812928141,-0.225126729237421,0.738657940599713,0.8695693523434355,1.6082272929431485,2.1772287340977288,1.849452592376992,45.92994683282153,54.07005316717848,0.8494525923769918,,0.2412637757259871,0.315510704785672,0,0,1,BULL,0,,950.81402607,952.69172755,-1.8777014800000416,116423.29,-0.3463299434467285,-0.2,0.0030511429382035,0.1531479398427332,17,1,0.4878048780487805,0.9586707924690014,True,2.426482549999946,True,4,yes,loss,-0.001131812928141
2025-09-16T22:28:53.729221,413448,bear,HIGH (Against whale - ML too weak),0.0018865344438609,-0.0044430282403736,3.350630262348252,1.694936593601099,5.045566855949351,1.5058560512174273,2.9768469658380736,66.4074098710523,33.592590128947705,1.9768469658380727,bull,3.0767871789982366,0.35,1,0,1,BEAR,0,,957.03422907,956.68335278,0.3508762900000874,116864.01,-0.0283497074137388,0.0,0.0006113842147703,0.0121562064141191,22,1,0.6097560975609756,1.7993252523667076,True,-0.069526020000012,False,1,yes,win,0.0023506406284446
2025-09-16T23:14:46.965713,413457,bear,HIGH (Against whale - ML too weak),0.001886175590235,-0.0493470577780457,2.9602075451409124,1.0031372745436955,3.963344819684608,1.338873967195413,3.950949606062085,74.68962908396341,25.310370916036582,2.950949606062085,bull,2.06812592704949,0.333,1,0,2,BEAR,0,,956.10320703,956.36784273,-0.2646356999999852,116879.08,-0.0166383614917972,0.0,0.0007674655314821,0.0008265140086886,23,1,0.5185185185185185,1.6020798722664884,True,-0.0385424400000147,False,4,yes,win,0.0020578936844922
2025-09-17T12:20:24.801181,413611,bull,MEDIUM (Against bet ratio 0.54 + ML consensus),0.0011502024001899,0.0541923421694765,0.8185945135670158,1.5250906946462766,2.3436852082132926,2.863060000244458,1.5367513659617975,34.92766480320414,65.07233519679585,0.5367513659617977,,0.1276490762262936,0.8177896063959177,0,1,1,BULL,0,,951.8790872,953.06988129,-1.190794090000054,116266.6,-0.0567252908234835,0.0,0.0005325803743477,-0.0203706104763908,12,2,0.5180722891566265,1.207073554491503,True,0.7564712900000359,False,2,yes,win,0.0006894605003821
2025-09-17T18:32:41.842225,413684,bear,MEDIUM (Very strong ML signal: -0.239),0.0011515854800574,-0.2389937628151574,0.673064410957785,0.7063012616643145,1.3793656726220995,2.0493813818787903,1.9529423880282888,48.79521248910928,51.20478751089072,0.9529423880282888,,0.2638016382907532,0.25,0,0,2,BULL,0,,955.1008527,955.0831745,0.0176781999999775,115523.03,-0.3634327864534432,-0.2,0.0012998696746399,-0.0089081465670034,18,2,0.5421686746987951,0.8668339280511594,True,1.76014272000009,True,3,yes,win,0.0010070795248451
2025-09-17T18:53:07.619357,413688,bear,MEDIUM (Very strong ML signal: -0.235),0.0012020826961699,-0.2348922520184941,1.1230025211615993,1.082610563600287,2.205613084761886,1.964032175529284,2.037309775942871,50.91566281140541,49.0843371885946,1.037309775942871,,0.20610867795273,0.25,0,0,3,BEAR,0,,952.10066236,953.63378432,-1.5331219600000168,114875.73,-0.3968839227676105,-0.2,0.0009626908503077,0.019114561682173,18,2,0.5421686746987951,1.1649033621763278,True,-0.4938996900000347,False,1,yes,loss,-0.0012020826961699
2025-09-17T19:08:23.599740,413691,bull,MEDIUM (Very strong ML signal: 0.243),0.0011930849756757,0.2428256664673108,0.5951809671325203,0.4370104860272715,1.0321914531597918,1.7342480861454843,2.3619374961528457,57.66187709756026,42.33812290243975,1.361937496152846,,0.25,0.1989821132905153,0,0,2,BULL,4,,957.20877195,954.79570361,2.413068339999996,115739.99,0.3234551907164333,0.2,0.001005438051767,-0.0186166526639162,19,2,0.4938271604938271,0.7091147443525978,True,2.1566470200000367,True,4,yes,loss,-0.0011930849756757
2025-09-17T23:23:35.641382,413741,bull,MEDIUM (Against bet ratio 0.56 + ML consensus),0.0011802974694717,0.1430813554827956,0.7613359291269165,1.3600207746884485,2.1213567038153647,2.7863609513977496,1.559797279053566,35.889104729893674,64.11089527010634,0.5597972790535661,,0.3558460018987193,1.269850332927221,0,1,2,BEAR,0,,985.37861279,985.79138454,-0.4127717499999335,116680.0,-0.0184316381167602,0.0,0.0030782022702226,0.0331605714646491,23,2,0.5185185185185185,1.1382677482719197,True,-5.025611130000016,True,6,yes,loss,-0.0011802974694717
2025-09-18T01:15:48.640358,413763,bull,HIGH (Against whale - ML too weak),0.0019283249906758,0.0350621522734331,1.0813429037979432,3.0096539257117696,4.090996829509713,3.783255815653964,1.3592914436307526,26.432259638967675,73.56774036103232,0.3592914436307525,bear,0.124675832775,2.4590372981101467,0,1,2,BULL,0,,986.20755612,986.26013415,-0.0525780299999496,116528.27,-0.0165254467426248,0.0,0.0009713198466845,-0.0191184408426907,1,3,0.4216867469879518,1.627473652156248,True,0.930134159999966,False,4,yes,loss,-0.0019283249906758
2025-09-18T02:32:16.780072,413778,bull,MEDIUM (Against bet ratio 0.47 + ML consensus),0.0011656630262848,0.0614101912161711,0.6229107019669309,1.3338906811141975,1.9568013830811288,3.1413834710211983,1.4669878205061109,31.83310822205736,68.16689177794264,0.4669878205061108,,0.1498514044118421,0.8295642899664972,0,1,3,BEAR,0,,985.50924087,985.51548719,-0.0062463200000593,116512.82,0.0302289856393914,0.0,0.0016997745823708,-0.0323223914093453,2,3,0.5609756097560976,1.0841080702279462,True,-0.9443228099999031,False,1,yes,win,0.0011366410545582
2025-09-18T02:42:30.591792,413780,bull,MEDIUM (Against bet ratio 0.48 + ML consensus),0.0011814406768028,0.0626718134815247,0.7464307303192675,1.5644432747672532,2.3108740050865206,3.095898803761872,1.4771222724136903,32.30079738991745,67.69920261008257,0.4771222724136905,,0.12,1.0511305807215736,0,1,2,BULL,0,,988.03700594,986.82689371,1.210112229999936,116593.64,0.0315468320314401,0.0,0.0013930326816874,-0.0232935936244111,2,3,0.5609756097560976,1.1972122044090203,True,0.8928969300000063,False,3,yes,win,0.0013336994820558
2025-09-18T13:45:36.807511,413910,bear,MEDIUM (Very strong ML signal: -0.323),0.0011994648259215,-0.3232870468755059,1.9989247611206828,2.257414133937639,4.256338895058322,2.129314208240652,1.8854931539008,46.96347754267092,53.03652245732907,0.8854931539008,,1.1991496337,0.5,1,0,2,BEAR,0,,993.40610514,995.46645362,-2.060348480000016,117107.14,-0.3343489361702133,-0.2,0.0012220226533311,0.0050325159390167,13,3,0.6097560975609756,1.659434756854531,True,-2.4933721999999534,True,1,yes,loss,-0.0011994648259215
2025-09-18T13:50:40.818475,413911,bull,MEDIUM (Very strong ML signal: 0.266),0.0011705374832014,0.2660939245157147,0.6286663181311519,0.4967868446416779,1.12545316277283,1.7902234147337264,2.2654649069554087,55.858949881332975,44.14105011866702,1.2654649069554085,,0.24957162495,0.2,0,0,3,BEAR,0,,994.47895357,993.40610514,1.0728484300000218,117448.25,0.3263109564028915,0.2,0.0013182664648767,-0.0200882406518396,13,3,0.6097560975609756,0.7539850327107436,True,-2.060348480000016,True,2,yes,loss,-0.0011705374832014
2025-09-18T19:52:46.628180,413982,bull,MEDIUM (Against bet ratio 0.25 + ML consensus),0.0011631236921439,0.0507000706491527,0.345121574375548,1.3783968840608132,1.7235184584363612,4.993945862569851,1.2503789571540571,20.02424590733162,79.97575409266838,0.250378957154057,,0.0794489111566322,0.918849258738478,0,1,2,BULL,0,,988.11239205,988.16706572,-0.0546736699999428,117310.53,0.0937025040206603,0.0,0.0006088053380177,-0.0111882087443366,19,3,0.4938271604938271,1.0019245952874565,True,0.3231850099999747,False,1,yes,win,0.0015392038872751
2025-09-18T23:11:43.802863,414021,bear,MEDIUM (Against bet ratio 2.70 + ML consensus),0.0010988478126852,-0.0558677741271877,2.025450244553129,0.7488997873627052,2.7743500319158345,1.3697448453136076,3.7045677922888345,73.006297736499,26.993702263501,2.704567792288834,,1.2275664156,0.2,1,0,4,BEAR,0,,981.84682893,980.19517085,1.651658080000061,116812.95,0.0461291707566413,0.0,0.0009828325695239,-0.0430788211115659,23,3,0.5185185185185185,1.328228190900893,True,-0.8087981500000296,False,4,yes,loss,-0.0010988478126852
2025-09-19T05:08:41.794825,414091,bull,HIGH (Follow whale - ML agrees),0.0018918732111756,-0.127685094513173,2.820097490183503,0.9469584046879252,3.767055894871429,1.3357892441606003,3.9780584619372807,74.86210900196252,25.13789099803748,2.9780584619372807,bull,2.369293468079703,0.35,1,0,2,BULL,0,,992.62827384,993.82035836,-1.1920845199999803,116932.21,-0.0202127554970524,0.0,0.0009968873700416,0.0302474958964664,5,4,0.4891304347826087,1.5617289015307938,True,3.3914883600000394,True,2,yes,win,0.0011595362096312
2025-09-19T07:46:53.606781,414122,bull,MEDIUM (Against bet ratio 0.40 + ML consensus),0.0012211542292645,0.0543400742580238,0.6060816965296972,1.4995487863170145,2.105630482846712,3.474169398124265,1.404176044194115,28.78385839619418,71.21614160380582,0.404176044194115,,0.1591618190422202,1.050492223471311,0,1,1,BEAR,0,,995.88025913,996.59888077,-0.7186216400000376,116962.48,0.0098930397377775,0.0,0.0006008088716328,0.0227157359448604,7,4,0.4712643678160919,1.1332167488296694,True,-0.3831670299999814,False,3,yes,win,0.0013750547947197
2025-09-19T07:57:06.818359,414124,bull,HIGH (Against whale - ML too weak),0.0019170040003166,-0.0311302885261017,4.798489878218631,2.75362235309951,7.552112231318141,1.5738518623533602,2.742610010707312,63.538381465248776,36.46161853475123,1.742610010707312,bear,1.0,2.295049600388262,2,1,1,BULL,0,,994.60734667,996.07097232,-1.46362565000004,116916.89,-0.0164448760571121,0.0,0.0006039623636228,-0.0001597025178392,7,4,0.4712643678160919,2.1461782970367898,True,0.1907131899999967,False,5,yes,win,0.0012678842618517
2025-09-19T09:59:29.709406,414148,bull,MEDIUM (Against bet ratio 0.49 + ML consensus),0.0011878901960455,0.0615870455837489,0.6020172317786728,1.2162443074495843,1.8182615392282573,3.0202815521678086,1.4949805134472358,33.10949600980907,66.89050399019092,0.4949805134472357,,0.0838001784605951,0.828835549285729,0,1,1,BULL,0,,995.75616491,995.76052757,-0.0043626599999697,116488.0,-0.0110728758318555,0.0,0.0012049311545049,-0.0180667429360719,9,4,0.5365853658536586,1.0361202193999273,True,1.133527570000069,False,5,yes,win,0.0020422621325207
2025-09-19T10:35:11.672652,414155,bear,HIGH (Against whale - ML too weak),0.0019076518556459,-0.0196062650573077,3.997142516292105,1.1945372977610274,5.191679814053132,1.298847812629189,4.346184772785346,76.9913141691137,23.008685830886304,3.3461847727853464,bull,2.0736292640162457,0.177190445925,1,0,4,BEAR,0,,991.794,990.73171,1.0622899999999618,116498.7,0.0438823986067478,0.0,0.0008263383265435,-0.0444724169891312,10,4,0.5609756097560976,1.823206425333696,True,-0.2543699999999944,False,6,yes,loss,-0.0019076518556459
2025-09-20T00:37:17.782613,414320,bear,MEDIUM (Against bet ratio 1.83 + ML consensus),0.0012621084411061,-0.0570463557783224,2.245719627905901,1.2277222945707378,3.4734419224766384,1.546694377746331,2.829175569945235,64.65401403068961,35.3459859693104,1.829175569945235,,1.3505451914201136,0.400033657861166,1,0,1,BULL,0,,985.913,986.25089768,-0.3378976799999691,115602.66,0.033046489115558,0.0,0.0009548835720974,0.0145559443946782,0,5,0.4698795180722891,1.498158117352029,True,0.2281432199999926,False,3,yes,loss,-0.0012621084411061
2025-09-20T00:42:25.028965,414321,bear,MEDIUM (Against bet ratio 3.77 + ML consensus),0.0010655251893046,-0.0590067432598366,3.296671387864341,0.8748993232124953,4.1715707110768365,1.265388696742163,4.768057992957947,79.02710072996338,20.97289927003662,3.7680579929579454,,1.030726,0.2,1,0,1,BEAR,0,,986.89255335,985.92,0.9725533499999984,115676.53,0.0638999137217044,0.0,0.0008032576787756,0.001792170150996,0,5,0.4698795180722891,1.6431764549660348,True,-0.3308976800000209,False,4,yes,loss,-0.0010655251893046
2025-09-20T01:53:54.802591,414335,bear,MEDIUM (Against bet ratio 2.47 + ML consensus),0.0010870043687182,-0.0687674519297073,3.188199779726476,1.2893842265169515,4.477584006243427,1.4044239118000226,3.4726530030065943,71.20357262490067,28.79642737509933,2.4726530030065947,,0.8918254968236253,0.34,1,0,2,BULL,0,,987.09664254,986.1551323,0.9415102399999568,115677.54,0.0027145159170909,0.0,0.0006615839928133,0.0018415456366386,1,5,0.4216867469879518,1.7006641289729705,True,0.3373667399999931,False,6,yes,win,0.0013677043584429
2025-09-20T06:29:18.681485,414389,bear,HIGH (Against whale - ML too weak),0.0018794638507858,-0.0098706521559984,5.452519154634556,0.7127041590410496,6.165223313675605,1.130710986762011,8.650466305642125,88.43992954058713,11.56007045941288,7.650466305642125,bull,4.849400165790005,0.26,1,0,1,BEAR,0,,996.304,996.457,-0.15300000000002,115677.67,-0.0011670223347378,0.0,0.0006312776005956,-0.0052180056176208,6,5,0.5957446808510638,1.9692392280904123,True,-0.3301032599999871,False,6,yes,loss,-0.0018794638507858
2025-09-20T11:35:24.815923,414449,bear,HIGH (Against bet ratio 1.91 + ML + Bad bull hour 11),0.0017848953432465,-0.0708304604793463,2.136778352577944,1.1184459312494803,3.255224283827424,1.5234262739044115,2.9104887351960103,65.6415093483379,34.35849065166211,1.9104887351960105,,1.0000771832366966,0.3,1,0,1,BULL,0,,999.85588718,1000.62663533,-0.7707481500000313,115797.55,-0.0168110006629432,0.0,0.0004915647546263,0.0208483580803107,11,5,0.3975903614457831,1.4481474712889233,True,0.265324459999988,False,6,yes,win,0.0016211954124676
2025-09-20T15:24:52.981226,414494,bull,MEDIUM (Against bet ratio 0.32 + ML consensus),0.0012238879988729,0.0528575146147644,0.5152361581618632,1.6306638036702403,2.145899961832104,4.164886194105115,1.3159671276213945,24.01025990615007,75.98974009384992,0.3159671276213943,,0.2213922630069414,1.255328386560826,0,1,1,BEAR,0,,1020.30081194,1021.89002232,-1.5892103799999404,116093.56,-0.0024290163052517,0.0,0.0023916951148429,0.122550328194051,15,5,0.4024390243902439,1.146100005602881,True,-0.797970380000038,False,3,yes,loss,-0.0012238879988729
2025-09-20T18:59:04.869631,414536,bull,MEDIUM (Against bet ratio 0.53 + ML consensus),0.0011868739269067,0.0607958430601866,0.6622119526189969,1.2400250849923176,1.9022370376113145,2.8725501406130083,1.534031093913797,34.812273104016136,65.18772689598387,0.5340310939137973,,0.1645138051387702,0.927253551595736,0,1,1,BULL,0,,1022.05691348,1022.455,-0.3980865199999925,115711.5,-0.0273968555045314,0.0,0.0010103103909732,-0.0097274086278825,18,5,0.5421686746987951,1.0654818319020836,True,0.345888919999993,False,3,yes,loss,-0.0011868739269067
2025-09-20T22:59:01.776111,414583,bull,HIGH (Against whale - ML too weak),0.0019493543016572,0.0050880851609216,2.3367482583556343,2.8102251853008253,5.14697344365646,2.202622137516164,1.831516374765353,45.4004335545121,54.59956644548789,0.8315163747653529,bear,1.0,2.0565032455167502,1,1,1,BEAR,0,,1039.3729,1038.56683895,0.806061050000153,115781.63,-8.636947960627705e-06,0.0,0.0010870415432118,0.0288720047917211,22,5,0.6097560975609756,1.8159598377034791,True,-1.0588706900000489,False,2,yes,loss,-0.0019493543016572
2025-09-21T00:41:01.634107,414603,bear,MEDIUM (Against bet ratio 3.81 + ML consensus),0.0010332022446255,-0.0580276260039271,1.8542787132236225,0.4861201536405726,2.340398866864195,1.262161319209378,4.814445254608058,79.22917496999537,20.77082503000461,3.8144452546080574,,0.8657027186477674,0.1,1,0,1,BULL,0,,1046.11370756,1042.4710365,3.642671059999884,115591.98,0.0276739356178573,0.0,0.0015492247988965,-0.0139165899009439,0,6,0.4698795180722891,1.206090221075288,True,2.0689365000000635,True,4,yes,loss,-0.0010332022446255
2025-09-21T02:02:38.564452,414619,bear,HIGH (Against whale - ML too weak),0.0018513908665743,0.0027880863375543,4.202396891266771,1.5350917178761776,5.7374886091429484,1.3652895615514886,3.7375542727055096,73.24453567663839,26.755464323361604,2.7375542727055096,bull,2.823842063736294,0.35,1,0,3,BULL,0,,1078.52,1072.49716064,6.0228393600000345,115504.53,-0.0063023858772525,0.0,0.0021661986692603,0.1021238870061562,2,6,0.5609756097560976,1.9076872455684468,True,1.7024606400000266,False,2,yes,loss,-0.0018513908665743
2025-09-21T02:53:35.804027,414629,bull,HIGH (Against whale - ML too weak),0.0018653597988699,0.0660048476233088,1.5291346089022313,2.80932004351139,4.338454652413621,2.8371960369978195,1.5443077275706028,35.246066431777145,64.75393356822285,0.5443077275706026,bear,0.33,2.114499149126138,0,1,2,BEAR,0,,1074.6369,1073.93382651,0.7030734899999516,115659.17,0.0209192754649175,0.0,0.0012405340046887,-0.021499465344591,2,6,0.5609756097560976,1.6749362201566882,True,-2.500573490000079,True,6,yes,win,0.0025261665881047
2025-09-21T19:59:04.911879,414830,bear,MEDIUM (Against bet ratio 2.95 + ML consensus),0.0011509702770995,-0.0527191517853288,2.070596213947798,0.701224634261597,2.7718208482093947,1.338658319540072,3.952828683961133,74.70166101410955,25.29833898589046,2.9528286839611324,,1.07,0.4,1,0,1,BULL,0,,1047.83668727,1046.37633499,1.460352280000052,115480.04,-8.659504398650005e-06,0.0,0.0004622272377542,-0.0085543856282167,19,6,0.4938271604938271,1.3275578684707967,True,0.2470260600000529,False,3,yes,win,0.002360696285549
2025-09-22T00:55:23.557957,414888,bull,MEDIUM (Against bet ratio 0.29 + ML consensus),0.0012090023767621,0.1099867735764443,0.3381867939373368,1.1630241526616782,1.501210946599015,4.438999314908721,1.2907822620565257,22.527599782262257,77.47240021773774,0.2907822620565257,,0.1173417213591353,1.0,0,1,1,BEAR,0,,1030.4519,1029.66641049,0.7854895099999339,114522.72,0.1210918884695665,0.0,0.002341395735445,-0.1205498864119671,0,0,0.4698795180722891,0.9167749932402962,True,-5.769089509999958,True,1,yes,win,0.0018626208854687
2025-09-22T01:15:48.675777,414892,bear,HIGH (Against whale - ML too weak),0.0020814343800352,0.0305163828841103,4.493478542103323,1.3147429988544934,5.808221540957816,1.29258913479513,4.417761909375742,77.36410380383522,22.635896196164776,3.4177619093757423,bull,2.960582184988688,0.2,1,0,1,BEAR,0,,1031.838,1029.94615464,1.8918453599999336,114584.01,0.1638247989887714,0.0,0.0024817793961375,-0.0388666426104737,1,0,0.4216867469879518,1.918130932010392,True,-3.744298780000008,True,5,yes,win,0.0056191513734435
2025-10-01T13:20:39.835391,417574,bear,"MEDIUM (Against bet ratio 2.17 + ML, but good bull hour 13)",0.0010018489882867,-0.1123015313356863,2.011123418116001,0.9261189977884748,2.937242415904476,1.4604983410993508,3.171560482960032,68.46977992780717,31.53022007219284,2.171560482960032,,0.99,0.4,1,0,1,BULL,0,,1023.66133338,1022.91967091,0.7416624699999375,116604.77,0.0631247199784484,0.0,0.0013877214830944,-0.0095312083712158,13,2,0.6097560975609756,1.3704805838288985,True,2.883980260000044,True,4,yes,loss,-0.0010018489882867
2025-10-01T13:20:40.786437,417574,bear,"MEDIUM (Against bet ratio 2.17 + ML, but good bull hour 13)",0.001221433976666,-0.1123015313356863,2.05403447709958,0.9461189977884747,3.0001534748880547,1.46061495478131,3.171010709964418,68.46431338570846,31.535686614291546,2.171010709964418,,0.99,0.4,1,0,1,BULL,0,,1023.66133338,1022.91967091,0.7416624699999375,116614.69,0.0716374608999562,0.0,0.0013877214830944,-0.0095312083712158,13,2,0.6097560975609756,1.3863327291058438,True,2.883980260000044,True,3,yes,loss,-0.001221433976666
2025-10-01T13:20:40.839436,417574,bear,"MEDIUM (Against bet ratio 2.17 + ML, but good bull hour 13)",0.001194703444965,-0.1123015313356863,2.05403447709958,0.9461189977884747,3.0001534748880547,1.46061495478131,3.171010709964418,68.46431338570846,31.535686614291546,2.171010709964418,,0.99,0.4,1,0,1,BULL,0,,1023.66133338,1022.91967091,0.7416624699999375,116614.69,0.0716374608999562,0.0,0.0013877214830944,-0.0095312083712158,13,2,0.6097560975609756,1.3863327291058438,True,2.883980260000044,True,6,yes,loss,-0.001194703444965
2025-10-01T13:20:41.686928,417574,bear,"MEDIUM (Against bet ratio 1.96 + ML, but good bull hour 13)",0.0012645835713262,-0.1123015313356863,2.05533447709958,1.0477681326105404,3.1031026097101204,1.509779865167793,2.961631026111343,66.23482158366595,33.76517841633406,1.961631026111343,,0.99,0.4,1,0,1,BULL,0,,1023.66133338,1022.91967091,0.7416624699999375,116617.62,0.0741518087729364,0.0,0.0013877214830944,-0.0095312083712158,13,2,0.6097560975609756,1.4117434216070357,True,2.883980260000044,True,1,yes,loss,-0.0012645835713262
2025-10-01T13:20:41.787819,417574,bear,"MEDIUM (Against bet ratio 1.96 + ML, but good bull hour 13)",0.0014170779802244,-0.1123015313356863,2.05533447709958,1.0477681326105404,3.1031026097101204,1.509779865167793,2.961631026111343,66.23482158366595,33.76517841633406,1.961631026111343,,0.99,0.4,1,0,1,BULL,0,,1023.66133338,1022.91967091,0.7416624699999375,116614.69,0.0716374608999562,0.0,0.0013877214830944,-0.0095312083712158,13,2,0.6097560975609756,1.4117434216070357,True,2.883980260000044,True,5,yes,loss,-0.0014170779802244
2025-10-01T13:20:41.824948,417574,bear,"MEDIUM (Against bet ratio 1.96 + ML, but good bull hour 13)",0.0011107269459446,-0.1123015313356863,2.05533447709958,1.0477681326105404,3.1031026097101204,1.509779865167793,2.961631026111343,66.23482158366595,33.76517841633406,1.961631026111343,,0.99,0.4,1,0,1,BULL,0,,1023.66133338,1022.91967091,0.7416624699999375,116617.62,0.0741518087729364,0.0,0.0013877214830944,-0.0095312083712158,13,2,0.6097560975609756,1.4117434216070357,True,2.883980260000044,True,2,yes,loss,-0.0011107269459446
2025-10-01T19:27:58.772312,417646,bear,MEDIUM (Against bet ratio 1.99 + ML consensus),0.001184433768366,-0.053312115987477,1.370232961812079,0.6876386563567521,2.0578716181688312,1.5018406909781072,2.992664241815388,66.58495844514158,33.41504155485841,1.992664241815387,,0.8010344387440939,0.3,1,0,1,BULL,0,,1021.91495446,1022.51259197,-0.5976375100000269,117423.9,-0.008447311004626,0.0,0.000593712399126,0.0079609542523515,19,2,0.4938271604938271,1.1177191243393998,True,1.3959919700000682,False,3,yes,win,0.0013510307782039
2025-10-01T19:27:58.801646,417646,bear,MEDIUM (Against bet ratio 1.99 + ML consensus),0.0011585051526161,-0.053312115987477,1.370232961812079,0.6876386563567521,2.0578716181688312,1.5018406909781072,2.992664241815388,66.58495844514158,33.41504155485841,1.992664241815387,,0.8010344387440939,0.3,1,0,1,BULL,0,,1021.91495446,1022.51259197,-0.5976375100000269,117423.9,-0.008447311004626,0.0,0.000593712399126,0.0079609542523515,19,2,0.4938271604938271,1.1177191243393998,True,1.3959919700000682,False,6,yes,win,0.0013210433024668
2025-10-01T19:27:59.690807,417646,bear,MEDIUM (Against bet ratio 2.00 + ML consensus),0.0012262888751864,-0.053312115987477,1.3732329618120789,0.6876386563567521,2.060871618168831,1.5007443569147685,2.997026998289688,66.63360054578521,33.366399454214786,1.997026998289688,,0.8010344387440939,0.3,1,0,1,BULL,0,,1021.91495446,1022.51259197,-0.5976375100000269,117423.91,-0.0084387955701377,0.0,0.000593712399126,0.0079609542523515,19,2,0.4938271604938271,1.118699717943189,True,1.3959919700000682,False,1,yes,win,0.0013994378745316
2025-10-01T19:27:59.755963,417646,bear,MEDIUM (Against bet ratio 2.00 + ML consensus),0.0013742084518177,-0.053312115987477,1.3732329618120789,0.6876386563567521,2.060871618168831,1.5007443569147685,2.997026998289688,66.63360054578521,33.366399454214786,1.997026998289688,,0.8010344387440939,0.3,1,0,1,BULL,0,,1021.91495446,1022.51259197,-0.5976375100000269,117423.91,-0.0084387955701377,0.0,0.000593712399126,0.0079609542523515,19,2,0.4938271604938271,1.118699717943189,True,1.3959919700000682,False,5,yes,win,0.0015705127501847
2025-10-01T19:27:59.802825,417646,bear,MEDIUM (Against bet ratio 2.00 + ML consensus),0.0010770479485662,-0.053312115987477,1.3732329618120789,0.6876386563567521,2.060871618168831,1.5007443569147685,2.997026998289688,66.63360054578521,33.366399454214786,1.997026998289688,,0.8010344387440939,0.3,1,0,1,BULL,0,,1021.91495446,1022.51259197,-0.5976375100000269,117423.91,-0.0084387955701377,0.0,0.000593712399126,0.0079609542523515,19,2,0.4938271604938271,1.118699717943189,True,1.3959919700000682,False,2,yes,win,0.0012268348050439
2025-10-01T19:27:59.830928,417646,bear,MEDIUM (Against bet ratio 2.00 + ML consensus),0.001,-0.053312115987477,1.3732329618120789,0.6876386563567521,2.060871618168831,1.5007443569147685,2.997026998289688,66.63360054578521,33.366399454214786,1.997026998289688,,0.8010344387440939,0.3,1,0,1,BULL,0,,1021.91495446,1022.51259197,-0.5976375100000269,117423.91,-0.0084387955701377,0.0,0.000593712399126,0.0079609542523515,19,2,0.4938271604938271,1.118699717943189,True,1.3959919700000682,False,4,yes,win,0.0011377257870187
2025-10-02T10:15:58.671460,417820,bull,MEDIUM (Against bet ratio 0.22 + ML consensus),0.0014209666453232,0.0670228168498005,0.3108109113736492,1.3862691194101326,1.697080030783782,5.460168767188466,1.2242067626132374,18.31445222003489,81.6855477799651,0.2242067626132373,,0.1,1.0051052447796371,0,1,2,BEAR,0,,1039.96541437,1039.96457242,0.0008419499999945,118777.68,0.0738984094443632,0.0,0.0007781933631127,0.0069517917779157,10,3,0.5609756097560976,0.9921697177194724,True,-0.7407575400000042,False,5,yes,loss,-0.0014209666453232
2025-10-02T10:15:58.769560,417820,bull,MEDIUM (Against bet ratio 0.22 + ML consensus),0.0012679148224223,0.0670228168498005,0.3108109113736492,1.3862691194101326,1.697080030783782,5.460168767188466,1.2242067626132374,18.31445222003489,81.6855477799651,0.2242067626132373,,0.1,1.0051052447796371,0,1,2,BEAR,0,,1039.96541437,1039.96457242,0.0008419499999945,118777.68,0.0738984094443632,0.0,0.0007781933631127,0.0069517917779157,10,3,0.5609756097560976,0.9921697177194724,True,-0.7407575400000042,False,1,yes,loss,-0.0012679148224223
2025-10-02T10:15:59.562965,417820,bull,MEDIUM (Against bet ratio 0.21 + ML consensus),0.0012246075027121,0.0670228168498005,0.3481618597299897,1.639498652806329,1.9876605125363185,5.709012796742901,1.2123587348693707,17.516163224761357,82.48383677523864,0.2123587348693708,,0.1,1.0051052447796371,0,1,2,BEAR,0,,1039.96541437,1039.96457242,0.0008419499999945,118777.68,0.0738984094443632,0.0,0.0007781933631127,0.0069517917779157,10,3,0.5609756097560976,1.0944906438599589,True,-0.7407575400000042,False,3,yes,loss,-0.0012246075027121
2025-10-02T10:16:00.817681,417820,bull,MEDIUM (Against bet ratio 0.26 + ML consensus),0.0011977792626901,0.0670228168498005,0.4419507411977354,1.674883148712501,2.116833889910237,4.789750740486107,1.263869596835736,20.8779131562598,79.1220868437402,0.2638695968357358,,0.1,1.0051052447796371,0,1,2,BEAR,0,,1039.96541437,1039.96457242,0.0008419499999945,118777.68,0.0738984094443632,0.0,0.0007781933631127,0.0069517917779157,10,3,0.5609756097560976,1.1368177077097874,True,-0.7407575400000042,False,6,yes,loss,-0.0011977792626901
2025-10-02T10:16:01.615623,417820,bull,MEDIUM (Against bet ratio 0.30 + ML consensus),0.0011134958037176,0.0670228168498005,0.5295103487004476,1.7758627638848088,2.305373112585256,4.353782920849848,1.2981707592889165,22.968531462859485,77.03146853714053,0.2981707592889167,,0.1,1.0051052447796371,0,1,2,BEAR,0,,1039.96541437,1039.96457242,0.0008419499999945,118777.68,0.0738984094443632,0.0,0.0007781933631127,0.0069517917779157,10,3,0.5609756097560976,1.195549360300888,True,-0.7407575400000042,False,2,yes,loss,-0.0011134958037176
2025-10-02T10:16:01.853830,417820,bull,MEDIUM (Against bet ratio 0.30 + ML consensus),0.0010052109142487,0.0670228168498005,0.5295103487004476,1.7758627638848088,2.305373112585256,4.353782920849848,1.2981707592889165,22.968531462859485,77.03146853714053,0.2981707592889167,,0.1,1.0051052447796371,0,1,2,BEAR,0,,1039.96541437,1039.96457242,0.0008419499999945,118777.68,0.0738984094443632,0.0,0.0007781933631127,0.0069517917779157,10,3,0.5609756097560976,1.195549360300888,True,-0.7407575400000042,False,4,yes,loss,-0.0010052109142487
2025-10-02T10:46:35.878275,417826,bull,MEDIUM (Against bet ratio 0.42 + ML consensus),0.001,0.0680914374620918,0.8386212069506556,1.977251350473424,2.815872557424079,3.3577406987631364,1.424134851014192,29.78193046200268,70.21806953799732,0.424134851014192,,0.28,1.2661694950377598,0,1,2,BULL,0,,1045.55544231,1044.14034449,1.4150978200000282,118750.0,0.0213519264954715,0.0,0.0013318606188021,0.0129604742287288,10,3,0.5609756097560976,1.3391693561269045,True,2.254184699999996,True,4,yes,loss,-0.001
2025-10-02T12:18:23.543093,417844,bull,HIGH (Against whale - ML too weak),0.0022967336899392,0.0590638610233561,1.1090468813345915,2.3090260059337844,3.418072887268376,3.081991343012638,1.4803093938676044,32.44655447417652,67.55344552582349,0.4803093938676044,bear,0.2,2.024716476525644,0,1,3,BULL,0,,1053.91507035,1052.01637442,1.8986959300000308,118880.38,0.0146976041559147,0.0,0.0011193285836565,0.0109240798237858,12,3,0.5180722891566265,1.4857036026591166,True,1.468118029999914,False,5,yes,win,0.0015005461558711
2025-10-02T12:18:23.584018,417844,bull,HIGH (Against whale - ML too weak),0.0019792864093846,0.0590638610233561,1.1090468813345915,2.3090260059337844,3.418072887268376,3.081991343012638,1.4803093938676044,32.44655447417652,67.55344552582349,0.4803093938676044,bear,0.2,2.024716476525644,0,1,3,BULL,0,,1053.91507035,1052.01637442,1.8986959300000308,118880.39,0.0147060172092336,0.0,0.0011193285836565,0.0109240798237858,12,3,0.5180722891566265,1.4857036026591166,True,1.468118029999914,False,3,yes,win,0.0012905461799354
2025-10-02T12:18:23.629457,417844,bull,HIGH (Against whale - ML too weak),0.0015740995380354,0.0590638610233561,1.1090468813345915,2.3090260059337844,3.418072887268376,3.081991343012638,1.4803093938676044,32.44655447417652,67.55344552582349,0.4803093938676044,bear,0.2,2.024716476525644,0,1,3,BULL,0,,1053.91507035,1052.01637442,1.8986959300000308,118880.38,0.0146976041559147,0.0,0.0011193285836565,0.0109240798237858,12,3,0.5180722891566265,1.4857036026591166,True,1.468118029999914,False,4,yes,win,0.0010225040877679
2025-10-02T12:18:23.745139,417844,bull,HIGH (Against whale - ML too weak),0.0019359140880157,0.0590638610233561,1.1090468813345915,2.3090260059337844,3.418072887268376,3.081991343012638,1.4803093938676044,32.44655447417652,67.55344552582349,0.4803093938676044,bear,0.2,2.024716476525644,0,1,3,BULL,0,,1053.91507035,1052.01637442,1.8986959300000308,118880.39,0.0147060172092336,0.0,0.0011193285836565,0.0109240798237858,12,3,0.5180722891566265,1.4857036026591166,True,1.468118029999914,False,6,yes,win,0.0012618542143661
2025-10-02T12:18:23.821961,417844,bull,HIGH (Against whale - ML too weak),0.0020492999095828,0.0590638610233561,1.1090468813345915,2.3090260059337844,3.418072887268376,3.081991343012638,1.4803093938676044,32.44655447417652,67.55344552582349,0.4803093938676044,bear,0.2,2.024716476525644,0,1,3,BULL,0,,1053.91507035,1052.01637442,1.8986959300000308,118880.38,0.0146976041559147,0.0,0.0011193285836565,0.0109240798237858,12,3,0.5180722891566265,1.4857036026591166,True,1.468118029999914,False,1,yes,win,0.0013368620070268
2025-10-02T12:18:23.853937,417844,bull,HIGH (Against whale - ML too weak),0.0017996558293434,0.0590638610233561,1.1090468813345915,2.3090260059337844,3.418072887268376,3.081991343012638,1.4803093938676044,32.44655447417652,67.55344552582349,0.4803093938676044,bear,0.2,2.024716476525644,0,1,3,BULL,0,,1053.91507035,1052.01637442,1.8986959300000308,118880.38,0.0146976041559147,0.0,0.0011193285836565,0.0109240798237858,12,3,0.5180722891566265,1.4857036026591166,True,1.468118029999914,False,2,yes,win,0.0011717156849316
2025-10-02T16:23:10.247326,417892,bull,MEDIUM (Against bet ratio 0.28 + ML consensus),0.0011991066472404,0.070887608765716,0.7420735326877241,2.628117610701162,3.3701911433888863,4.541586507178547,1.2823593318906852,22.01873725006393,77.98126274993608,0.2823593318906852,,0.1218593857,1.3,0,1,1,BEAR,0,,1060.91223242,1061.87277857,-0.9605461500000274,119930.61,-0.1622054142394175,0.0,0.0016442146621373,0.0724827589453741,16,3,0.5301204819277109,1.4748067480568607,True,-0.0810216899999431,False,6,yes,loss,-0.0011991066472404
2025-10-02T16:23:10.926914,417892,bull,MEDIUM (Against bet ratio 0.34 + ML consensus),0.001114647536154,0.070887608765716,0.90303077764392,2.628117610701162,3.5311483883450823,3.910330052712193,1.3436036400985107,25.573288866150907,74.42671113384908,0.3436036400985107,,0.1218593857,1.3,0,1,1,BEAR,0,,1060.91223242,1061.87277857,-0.9605461500000274,119930.61,-0.1622054142394175,0.0,0.0016442146621373,0.0724827589453741,16,3,0.5301204819277109,1.5109754147283263,True,-0.0810216899999431,False,2,yes,loss,-0.001114647536154
2025-10-02T16:23:12.645186,417892,bull,MEDIUM (Against bet ratio 0.42 + ML consensus),0.001,0.070887608765716,1.1149298842911604,2.629417610701162,3.7443474949923226,3.3583703762437658,1.424021608341572,29.776346500485428,70.22365349951457,0.424021608341572,,0.1218593857,1.3,0,1,1,BEAR,0,,1060.91223242,1061.87277857,-0.9605461500000274,119930.61,-0.1622054142394175,0.0,0.0016442146621373,0.0724827589453741,16,3,0.5301204819277109,1.5569539083788244,True,-0.0810216899999431,False,4,yes,loss,-0.001
2025-10-02T16:23:12.693078,417892,bull,MEDIUM (Against bet ratio 0.42 + ML consensus),0.0012693883739605,0.070887608765716,1.1149298842911604,2.629417610701162,3.7443474949923226,3.3583703762437658,1.424021608341572,29.776346500485428,70.22365349951457,0.424021608341572,,0.1218593857,1.3,0,1,1,BEAR,0,,1060.91223242,1061.87277857,-0.9605461500000274,119934.19,-0.1592251967234956,0.0,0.0016442146621373,0.0724827589453741,16,3,0.5301204819277109,1.5569539083788244,True,-0.0810216899999431,False,1,yes,loss,-0.0012693883739605
2025-10-02T16:23:12.714627,417892,bull,MEDIUM (Against bet ratio 0.42 + ML consensus),0.0014227591666397,0.070887608765716,1.1149298842911604,2.629417610701162,3.7443474949923226,3.3583703762437658,1.424021608341572,29.776346500485428,70.22365349951457,0.424021608341572,,0.1218593857,1.3,0,1,1,BEAR,0,,1060.91223242,1061.87277857,-0.9605461500000274,119934.19,-0.1592251967234956,0.0,0.0016442146621373,0.0724827589453741,16,3,0.5301204819277109,1.5569539083788244,True,-0.0810216899999431,False,5,yes,loss,-0.0014227591666397
2025-10-02T16:23:12.791094,417892,bull,MEDIUM (Against bet ratio 0.44 + ML consensus),0.0012259907990288,0.070887608765716,1.1611995318273145,2.629417610701162,3.790617142528476,3.264397753040252,1.441618526894124,30.633521882211323,69.36647811778869,0.4416185268941239,,0.1218593857,1.3,0,1,1,BEAR,0,,1060.91223242,1061.87277857,-0.9605461500000274,119930.61,-0.1622054142394175,0.0,0.0016442146621373,0.0724827589453741,16,3,0.5301204819277109,1.5666592428999926,True,-0.0810216899999431,False,3,yes,loss,-0.0012259907990288
2025-10-03T14:50:23.306888,418156,bull,MEDIUM (Against bet ratio 0.34 + ML consensus),0.0013797789596405,0.0795799185646051,0.748566348744068,2.175129265985294,2.923695614729362,3.9057267530589495,1.3441479825820748,25.603429610553373,74.39657038944662,0.3441479825820748,,0.5,1.1,0,1,5,BULL,0,,1136.483,1137.57819845,-1.095198449999998,120806.69,0.1187684283334327,0.0,0.0029947097506334,0.0818734322595953,14,4,0.5487804878048781,1.3670339685438777,True,2.5214514399999644,True,5,yes,win,0.0013453120221854
2025-10-03T14:50:24.622202,418156,bull,MEDIUM (Against bet ratio 0.47 + ML consensus),0.001,0.0795799185646051,1.067645840266391,2.255129265985294,3.322775106251685,3.112244698506586,1.4734299963953166,32.131149600153584,67.86885039984642,0.4734299963953168,,0.5,1.1,0,1,5,BULL,0,,1136.483,1137.57819845,-1.095198449999998,120818.06,0.128191336924254,0.0,0.0029947097506334,0.0818734322595953,14,4,0.5487804878048781,1.4638975817210491,True,2.5214514399999644,True,4,yes,win,0.0009698438417168
2025-10-03T14:50:24.679621,418156,bull,MEDIUM (Against bet ratio 0.47 + ML consensus),0.0011889136430579,0.0795799185646051,1.067645840266391,2.255129265985294,3.322775106251685,3.112244698506586,1.4734299963953166,32.131149600153584,67.86885039984642,0.4734299963953168,,0.5,1.1,0,1,5,BULL,0,,1136.483,1137.57819845,-1.095198449999998,120818.06,0.128191336924254,0.0,0.0029947097506334,0.0818734322595953,14,4,0.5487804878048781,1.4638975817210491,True,2.5214514399999644,True,3,yes,win,0.0011566131716761
2025-10-03T14:50:24.750662,418156,bull,MEDIUM (Against bet ratio 0.47 + ML consensus),0.0010809106780694,0.0795799185646051,1.067645840266391,2.255129265985294,3.322775106251685,3.112244698506586,1.4734299963953166,32.131149600153584,67.86885039984642,0.4734299963953168,,0.5,1.1,0,1,5,BULL,0,,1136.483,1137.57819845,-1.095198449999998,120818.06,0.128191336924254,0.0,0.0029947097506334,0.0818734322595953,14,4,0.5487804878048781,1.4638975817210491,True,2.5214514399999644,True,2,yes,win,0.0010498361222369
2025-10-03T14:50:25.597049,418156,bull,MEDIUM (Against bet ratio 0.49 + ML consensus),0.0012310092907417,0.0795799185646051,1.1092606192260317,2.255129265985294,3.3643898852113256,3.0330021880329383,1.4918833860024348,32.97063233075188,67.0293676692481,0.4918833860024346,,0.5,1.1,0,1,5,BULL,0,,1136.483,1137.57819845,-1.095198449999998,120818.06,0.128191336924254,0.0,0.0029947097506334,0.0818734322595953,14,4,0.5487804878048781,1.4734784052292906,True,2.5214514399999644,True,1,yes,loss,-0.0012310092907417
2025-10-03T14:50:25.676408,418156,bull,MEDIUM (Against bet ratio 0.49 + ML consensus),0.0011628360158232,0.0795799185646051,1.1092606192260317,2.255129265985294,3.3643898852113256,3.0330021880329383,1.4918833860024348,32.97063233075188,67.0293676692481,0.4918833860024346,,0.5,1.1,0,1,5,BULL,0,,1136.483,1137.57819845,-1.095198449999998,120818.06,0.128191336924254,0.0,0.0029947097506334,0.0818734322595953,14,4,0.5487804878048781,1.4734784052292906,True,2.5214514399999644,True,6,yes,loss,-0.0011628360158232
2025-10-03T17:53:58.631148,418192,bear,MEDIUM (Very strong ML signal: -0.245),0.0011121083297365,-0.2447120464100854,0.995861374375924,1.147286678310148,2.143148052686072,2.1520546010021904,1.8680144145338984,46.4672225107258,53.5327774892742,0.8680144145338984,,0.5,0.38,0,0,1,BULL,0,,1139.614,1144.2335,-4.619500000000016,121781.18,-0.3843402886388538,-0.2,0.0024971103128843,0.0029620164207801,17,4,0.4878048780487805,1.1452248622376804,True,2.452620040000056,True,2,yes,win,0.0012304081912165
2025-10-03T18:24:35.800587,418198,bear,HIGH (Follow whale - ML agrees),0.001914438977455,0.0930153891581465,3.2140482899328098,6.395350402102412,9.609398692035224,2.9898115476778067,1.5025601550895822,33.446924130609574,66.55307586939043,0.5025601550895822,bear,0.5,5.529638861441503,0,1,4,BULL,0,,1150.999,1146.3,4.699000000000069,122450.16,0.1372070121631577,0.0,0.002608106157443,0.0155172061543358,18,4,0.5421686746987951,2.361740277319144,True,1.620168319999948,False,2,yes,win,0.0010932865500444
2025-10-03T18:24:35.876176,418198,bear,HIGH (Follow whale - ML agrees),0.0020515028562361,0.0930153891581465,3.2140482899328098,6.395350402102412,9.609398692035224,2.9898115476778067,1.5025601550895822,33.446924130609574,66.55307586939043,0.5025601550895822,bear,0.5,5.529638861441503,0,1,4,BULL,0,,1150.999,1146.3,4.699000000000069,122450.16,0.1372070121631577,0.0,0.002608106157443,0.0155172061543358,18,4,0.5421686746987951,2.361740277319144,True,1.620168319999948,False,1,yes,win,0.0011729071682928
2025-10-03T18:24:35.909165,418198,bear,HIGH (Follow whale - ML agrees),0.0016222297745096,0.0930153891581465,3.2140482899328098,6.395350402102412,9.609398692035224,2.9898115476778067,1.5025601550895822,33.446924130609574,66.55307586939043,0.5025601550895822,bear,0.5,5.529638861441503,0,1,4,BULL,0,,1150.999,1146.3,4.699000000000069,122450.16,0.1372070121631577,0.0,0.002608106157443,0.0155172061543358,18,4,0.5421686746987951,2.361740277319144,True,1.620168319999948,False,4,yes,win,0.0009235417740811
2025-10-03T18:24:36.607393,418198,bear,HIGH (Follow whale - ML agrees),0.0020388576770137,0.0930153891581465,3.3539221795096474,6.395350402102412,9.74927258161206,2.9068273083895555,1.52443133974443,34.401768454350375,65.59823154564964,0.52443133974443,bear,0.5,5.529638861441503,0,1,4,BULL,0,,1150.999,1146.3,4.699000000000069,122450.16,0.1372070121631577,0.0,0.002608106157443,0.0155172061543358,18,4,0.5421686746987951,2.374838085457384,True,1.620168319999948,False,3,yes,win,0.0011655615642102
2025-10-03T18:24:36.771407,418198,bear,HIGH (Follow whale - ML agrees),0.0023664014805101,0.0930153891581465,3.3539221795096474,6.395350402102412,9.74927258161206,2.9068273083895555,1.52443133974443,34.401768454350375,65.59823154564964,0.52443133974443,bear,0.5,5.529638861441503,0,1,4,BULL,0,,1150.999,1146.3,4.699000000000069,122450.16,0.1372070121631577,0.0,0.002608106157443,0.0155172061543358,18,4,0.5421686746987951,2.374838085457384,True,1.620168319999948,False,5,yes,win,0.0013558322640453
2025-10-03T18:24:36.900362,418198,bear,HIGH (Follow whale - ML agrees),0.001937880731372,0.0930153891581465,3.3539221795096474,6.395350402102412,9.74927258161206,2.9068273083895555,1.52443133974443,34.401768454350375,65.59823154564964,0.52443133974443,bear,0.5,5.529638861441503,0,1,4,BULL,0,,1150.999,1146.3,4.699000000000069,122450.16,0.1372070121631577,0.0,0.002608106157443,0.0155172061543358,18,4,0.5421686746987951,2.374838085457384,True,1.620168319999948,False,6,yes,win,0.0011069039009927
2025-10-03T22:32:33.686823,418246,bull,HIGH (Against bet ratio 0.38 + ML + Good bull hour 22),0.0019685079899572,0.0860420147526169,0.5586661210759798,1.4571164522403754,2.015782573316355,3.608206220620642,1.3834052660767149,27.7146021833528,72.28539781664722,0.3834052660767147,,0.2022248167481333,0.8,0,1,1,BEAR,0,,1183.30830738,1182.10766932,1.200638060000074,122508.83,0.0226075622744875,0.0,0.0016959410379242,0.0455381392210087,22,4,0.6097560975609756,1.103859356471544,True,-1.4089208899999903,False,2,yes,loss,-0.0019685079899572
2025-10-03T22:32:34.587550,418246,bull,HIGH (Against bet ratio 0.40 + ML + Good bull hour 22),0.0016678115482137,0.0860420147526169,0.5836661210759798,1.46541334826901,2.04907946934499,3.5107048282458853,1.3982945301852368,28.484308676547084,71.51569132345291,0.3982945301852366,,0.2022248167481333,0.8,0,1,1,BEAR,0,,1183.30830738,1182.10766932,1.200638060000074,122508.83,0.0226075622744875,0.0,0.0016959410379242,0.0455381392210087,22,4,0.6097560975609756,1.1148397317349996,True,-1.4089208899999903,False,4,yes,loss,-0.0016678115482137
2025-10-03T22:32:35.736715,418246,bull,HIGH (Against bet ratio 0.40 + ML + Good bull hour 22),0.0020965404402242,0.0860420147526169,0.5856346290659371,1.46541334826901,2.051047977334947,3.502265534752074,1.399637842631709,28.552946373633265,71.44705362636675,0.3996378426317095,,0.2022248167481333,0.8,0,1,1,BEAR,0,,1183.30830738,1182.10766932,1.200638060000074,122508.83,0.0226075622744875,0.0,0.0016959410379242,0.0455381392210087,22,4,0.6097560975609756,1.115485130728871,True,-1.4089208899999903,False,3,yes,loss,-0.0020965404402242
2025-10-03T22:32:35.848644,418246,bull,HIGH (Against bet ratio 0.40 + ML + Good bull hour 22),0.0019926306114216,0.0860420147526169,0.5856346290659371,1.46541334826901,2.051047977334947,3.502265534752074,1.399637842631709,28.552946373633265,71.44705362636675,0.3996378426317095,,0.2022248167481333,0.8,0,1,1,BEAR,0,,1183.30830738,1182.10766932,1.200638060000074,122508.83,0.0226075622744875,0.0,0.0016959410379242,0.0455381392210087,22,4,0.6097560975609756,1.115485130728871,True,-1.4089208899999903,False,6,yes,loss,-0.0019926306114216
2025-10-03T22:32:36.714945,418246,bull,HIGH (Against bet ratio 0.51 + ML + Good bull hour 22),0.0021095528996508,0.0860420147526169,0.7521884682638644,1.47385831526901,2.2260467835328743,2.9594268955901977,1.5103533090469246,33.79032614355457,66.20967385644543,0.5103533090469244,,0.2022248167481333,0.8,0,1,1,BEAR,0,,1183.30830738,1182.10766932,1.200638060000074,122508.83,0.0226075622744875,0.0,0.0016959410379242,0.0455381392210087,22,4,0.6097560975609756,1.1712574816229333,True,-1.4089208899999903,False,1,yes,loss,-0.0021095528996508
2025-10-03T22:32:36.743203,418246,bull,HIGH (Against bet ratio 0.51 + ML + Good bull hour 22),0.0024335977787124,0.0860420147526169,0.7521884682638644,1.47385831526901,2.2260467835328743,2.9594268955901977,1.5103533090469246,33.79032614355457,66.20967385644543,0.5103533090469244,,0.2022248167481333,0.8,0,1,1,BEAR,0,,1183.30830738,1182.10766932,1.200638060000074,122508.83,0.0226075622744875,0.0,0.0016959410379242,0.0455381392210087,22,4,0.6097560975609756,1.1712574816229333,True,-1.4089208899999903,False,5,yes,loss,-0.0024335977787124
2025-10-05T03:37:35.859427,418588,bull,MEDIUM (Against bet ratio 0.41 + ML consensus),0.0011217521222756,0.0768884495649243,0.713840627191408,1.7619428542266573,2.4757834814180653,3.4682580216245005,1.4051440292056028,28.832918247864647,71.16708175213535,0.4051440292056028,,0.463019257140375,1.0,0,1,3,BULL,0,,1167.49935277,1167.5400069,-0.0406541299998934,123990.51,0.024628916526123,0.0,0.0011165208994343,0.0349012219371915,3,6,0.573170731707317,1.2458199158825356,True,0.2202068999999937,False,2,yes,loss,-0.0011217521222756
2025-10-05T03:37:36.740513,418588,bull,MEDIUM (Against bet ratio 0.43 + ML consensus),0.0012021477208009,0.0768884495649243,0.754840627191408,1.7619428542266573,2.516783481418065,3.33419186879547,1.428413796384287,29.992275170452803,70.0077248295472,0.4284137963842866,,0.463019257140375,1.0,0,1,3,BULL,0,,1167.49935277,1167.5400069,-0.0406541299998934,123982.57,0.0182236234630007,0.0,0.0011165208994343,0.0349012219371915,3,6,0.573170731707317,1.2575467881671307,True,0.2202068999999937,False,1,yes,loss,-0.0012021477208009
2025-10-05T03:37:36.780212,418588,bull,MEDIUM (Against bet ratio 0.43 + ML consensus),0.0011355020165103,0.0768884495649243,0.754840627191408,1.7619428542266573,2.516783481418065,3.33419186879547,1.428413796384287,29.992275170452803,70.0077248295472,0.4284137963842866,,0.463019257140375,1.0,0,1,3,BULL,0,,1167.49935277,1167.5400069,-0.0406541299998934,123990.52,0.0246369836458574,0.0,0.0011165208994343,0.0349012219371915,3,6,0.573170731707317,1.2575467881671307,True,0.2202068999999937,False,6,yes,loss,-0.0011355020165103
2025-10-05T03:37:36.803926,418588,bull,MEDIUM (Against bet ratio 0.43 + ML consensus),0.0011947306189278,0.0768884495649243,0.754840627191408,1.7619428542266573,2.516783481418065,3.33419186879547,1.428413796384287,29.992275170452803,70.0077248295472,0.4284137963842866,,0.463019257140375,1.0,0,1,3,BULL,0,,1167.49935277,1167.5400069,-0.0406541299998934,123990.52,0.0246369836458574,0.0,0.0011165208994343,0.0349012219371915,3,6,0.573170731707317,1.2575467881671307,True,0.2202068999999937,False,3,yes,loss,-0.0011947306189278
2025-10-05T03:37:36.876421,418588,bull,MEDIUM (Against bet ratio 0.43 + ML consensus),0.001386853301866,0.0768884495649243,0.754840627191408,1.7619428542266573,2.516783481418065,3.33419186879547,1.428413796384287,29.992275170452803,70.0077248295472,0.4284137963842866,,0.463019257140375,1.0,0,1,3,BULL,0,,1167.49935277,1167.5400069,-0.0406541299998934,123982.57,0.0182236234630007,0.0,0.0011165208994343,0.0349012219371915,3,6,0.573170731707317,1.2575467881671307,True,0.2202068999999937,False,5,yes,loss,-0.001386853301866
2025-10-05T03:37:36.903491,418588,bull,MEDIUM (Against bet ratio 0.43 + ML consensus),0.001,0.0768884495649243,0.754840627191408,1.7619428542266573,2.516783481418065,3.33419186879547,1.428413796384287,29.992275170452803,70.0077248295472,0.4284137963842866,,0.463019257140375,1.0,0,1,3,BULL,0,,1167.49935277,1167.5400069,-0.0406541299998934,123982.57,0.0182236234630007,0.0,0.0011165208994343,0.0349012219371915,3,6,0.573170731707317,1.2575467881671307,True,0.2202068999999937,False,4,yes,loss,-0.001
2025-10-05T05:09:29.922598,418606,bear,MEDIUM (Very strong ML signal: -0.246),0.0011657858571769,-0.2455742433626205,0.3544454259020121,0.5922931958414679,0.94673862174348,2.671042006915924,1.5984290017015197,37.43857256496816,62.56142743503184,0.5984290017015195,,0.1048482590864401,0.253376073263286,0,0,1,BULL,0,,1184.56937286,1185.28420502,-0.7148321600000145,124999.07,-0.3298786614888784,-0.2,0.0016269737241295,0.0799837562587807,5,6,0.4891304347826087,0.6661554707132933,True,1.6604260499998418,False,1,yes,loss,-0.0011657858571769
2025-10-05T05:09:29.963439,418606,bear,MEDIUM (Very strong ML signal: -0.246),0.00134495027081,-0.2455742433626205,0.3544454259020121,0.5922931958414679,0.94673862174348,2.671042006915924,1.5984290017015197,37.43857256496816,62.56142743503184,0.5984290017015195,,0.1048482590864401,0.253376073263286,0,0,1,BULL,0,,1184.56937286,1185.28420502,-0.7148321600000145,124999.07,-0.3298786614888784,-0.2,0.0016269737241295,0.0799837562587807,5,6,0.4891304347826087,0.6661554707132933,True,1.6604260499998418,False,5,yes,loss,-0.00134495027081
2025-10-05T05:09:30.034637,418606,bear,MEDIUM (Very strong ML signal: -0.246),0.001101139524015,-0.2455742433626205,0.3544454259020121,0.5922931958414679,0.94673862174348,2.671042006915924,1.5984290017015197,37.43857256496816,62.56142743503184,0.5984290017015195,,0.1048482590864401,0.253376073263286,0,0,1,BULL,0,,1184.56937286,1185.28420502,-0.7148321600000145,124999.07,-0.3298786614888784,-0.2,0.0016269737241295,0.0799837562587807,5,6,0.4891304347826087,0.6661554707132933,True,1.6604260499998418,False,6,yes,loss,-0.001101139524015
2025-10-05T05:09:30.549873,418606,bear,MEDIUM (Very strong ML signal: -0.246),0.0010878021266073,-0.2455742433626205,0.3544454259020121,0.5922931958414679,0.94673862174348,2.671042006915924,1.5984290017015197,37.43857256496816,62.56142743503184,0.5984290017015195,,0.1048482590864401,0.253376073263286,0,0,1,BULL,0,,1184.56937286,1185.28420502,-0.7148321600000145,124991.68,-0.3357712029029304,-0.2,0.0016269737241295,0.0799837562587807,5,6,0.4891304347826087,0.6661554707132933,True,1.6604260499998418,False,2,yes,loss,-0.0010878021266073
2025-10-05T05:09:30.695506,418606,bear,MEDIUM (Very strong ML signal: -0.246),0.0011585912683599,-0.2455742433626205,0.3544454259020121,0.5922931958414679,0.94673862174348,2.671042006915924,1.5984290017015197,37.43857256496816,62.56142743503184,0.5984290017015195,,0.1048482590864401,0.253376073263286,0,0,1,BULL,0,,1184.56937286,1185.28420502,-0.7148321600000145,124999.07,-0.3298786614888784,-0.2,0.0016269737241295,0.0799837562587807,5,6,0.4891304347826087,0.6661554707132933,True,1.6604260499998418,False,3,yes,loss,-0.0011585912683599
2025-10-05T05:09:30.769240,418606,bear,MEDIUM (Very strong ML signal: -0.246),0.001,-0.2455742433626205,0.3544454259020121,0.5922931958414679,0.94673862174348,2.671042006915924,1.5984290017015197,37.43857256496816,62.56142743503184,0.5984290017015195,,0.1048482590864401,0.253376073263286,0,0,1,BULL,0,,1184.56937286,1185.28420502,-0.7148321600000145,124991.68,-0.3357712029029304,-0.2,0.0016269737241295,0.0799837562587807,5,6,0.4891304347826087,0.6661554707132933,True,1.6604260499998418,False,4,yes,loss,-0.001
